{"mean_macro_ap":0.5384230165166306,"_wandb":{"runtime":6},"_runtime":6,"_timestamp":1.7726515972476504e+09,"_step":0}