{"_step":1,"mean_macro_ap":0.5384230165166306,"detailed_scores":{"Pigeons":0.23025307262118277,"Waders":0.649417532648698,"Gulls":0.9066137197984392,"Clutter":0.49252325879733116,"Ducks":0.348260689895412,"Songbirds":0.34499718125865075,"Geese":0.4895857794612444,"Birds of Prey":0.5721823480920605,"Cormorants":0.8119735660766565},"_wandb":{"runtime":7},"_runtime":7,"_timestamp":1.7726541495867145e+09}