{"_runtime":7,"mean_macro_ap":0.5384230165166306,"_timestamp":1.7726477204442096e+09,"_step":0,"_wandb":{"runtime":7}}