{"_wandb":{"runtime":11},"_runtime":11,"_step":0,"mean_macro_ap":0.5437129300114397,"_timestamp":1.7726535497130558e+09}