{"_step":0,"mean_macro_ap":0.5384230165166306,"_timestamp":1.7726513704396627e+09,"_wandb":{"runtime":10},"_runtime":10}