{"mean_macro_ap":0.5384230165166306,"_wandb":{"runtime":72},"_runtime":72,"_timestamp":1.7726474615116234e+09,"_step":0}