{"_runtime":15,"_step":1,"mean_macro_ap":0.5437129300114397,"_timestamp":1.772653869554698e+09,"detailed_scores":{"Clutter":0.4786998197238155,"Pigeons":0.2388256579826494,"Waders":0.6536533269326882,"Cormorants":0.8209763110914572,"Birds of Prey":0.5837006164974795,"Gulls":0.9090708250893138,"Geese":0.5089206658100754,"Ducks":0.3385020090397398,"Songbirds":0.36106713793573864},"_wandb":{"runtime":15}}